Workbook

Sheet Data
A1: Product_ID | B1: Product_Name | C1: Category | D1: Opening_Inventory | E1: Purchases | F1: Units_Sold | G1: Closing_Inventory | H1: Unit_Cost | I1: COGS | J1: Calculated_Average_Inventory | K1: Calculated_COGS | L1: Calculated_Turnover | M1: Movement_Status
A2: 1005 | B2: Webcam | C2: Electronics | D2: 298 | E2: 338 | F2: 11 | G2: 625 | H2: 4797 | I2: 52767 | J2: =(D2+G2)/2 -> 461.5 | K2: =F2*H2 -> 52767 | L2: =K2/(J2*H2) -> 0.02383532 | M2: =IF(L2<=AVERAGE($L$2:$L$33),"Slow-Moving","Normal/Fast-Moving") -> Slow-Moving
A3: 1007 | B3: Power Bank | C3: Electronics | D3: 269 | E3: 331 | F3: 202 | G3: 398 | H3: 253 | I3: 51106 | J3: =(D3+G3)/2 -> 333.5 | K3: =F3*H3 -> 51106 | L3: =K3/(J3*H3) -> 0.60569715 | M3: =IF(L3<=AVERAGE($L$2:$L$33),"Slow-Moving","Normal/Fast-Moving") -> Slow-Moving
A4: 1028 | B4: Stapler | C4: Stationery | D4: 300 | E4: 282 | F4: 106 | G4: 476 | H4: 585 | I4: 62010 | J4: =(D4+G4)/2 -> 388 | K4: =F4*H4 -> 62010 | L4: =K4/(J4*H4) -> 0.27319588 | M4: =IF(L4<=AVERAGE($L$2:$L$33),"Slow-Moving","Normal/Fast-Moving") -> Slow-Moving
A5: 1025 | B5: Notebook | C5: Stationery | D5: 113 | E5: 165 | F5: 18 | G5: 260 | H5: 2220 | I5: 39960 | J5: =(D5+G5)/2 -> 186.5 | K5: =F5*H5 -> 39960 | L5: =K5/(J5*H5) -> 0.096514745 | M5: =IF(L5<=AVERAGE($L$2:$L$33),"Slow-Moving","Normal/Fast-Moving") -> Slow-Moving
A6: 1031 | B6: Sticky Notes | C6: Stationery | D6: 168 | E6: 313 | F6: 65 | G6: 416 | H6: 1138 | I6: 73970 | J6: =(D6+G6)/2 -> 292 | K6: =F6*H6 -> 73970 | L6: =K6/(J6*H6) -> 0.22260274 | M6: =IF(L6<=AVERAGE($L$2:$L$33),"Slow-Moving","Normal/Fast-Moving") -> Slow-Moving
A7: 1010 | B7: Study Table | C7: Furniture | D7: 87 | E7: 224 | F7: 16 | G7: 295 | H7: 3140 | I7: 50240 | J7: =(D7+G7)/2 -> 191 | K7: =F7*H7 -> 50240 | L7: =K7/(J7*H7) -> 0.083769634 | M7: =IF(L7<=AVERAGE($L$2:$L$33),"Slow-Moving","Normal/Fast-Moving") -> Slow-Moving
A8: 1020 | B8: Jacket | C8: Clothing | D8: 276 | E8: 224 | F8: 27 | G8: 473 | H8: 4762 | I8: 128574 | J8: =(D8+G8)/2 -> 374.5 | K8: =F8*H8 -> 128574 | L8: =K8/(J8*H8) -> 0.072096128 | M8: =IF(L8<=AVERAGE($L$2:$L$33),"Slow-Moving","Normal/Fast-Moving") -> Slow-Moving
A9: 1011 | B9: Bookshelf | C9: Furniture | D9: 216 | E9: 339 | F9: 195 | G9: 360 | H9: 555 | I9: 108225 | J9: =(D9+G9)/2 -> 288 | K9: =F9*H9 -> 108225 | L9: =K9/(J9*H9) -> 0.67708333 | M9: =IF(L9<=AVERAGE($L$2:$L$33),"Slow-Moving","Normal/Fast-Moving") -> Slow-Moving
A10: 1015 | B10: Office Sofa | C10: Furniture | D10: 188 | E10: 70 | F10: 64 | G10: 194 | H10: 2107 | I10: 134848 | J10: =(D10+G10)/2 -> 191 | K10: =F10*H10 -> 134848 | L10: =K10/(J10*H10) -> 0.33507853 | M10: =IF(L10<=AVERAGE($L$2:$L$33),"Slow-Moving","Normal/Fast-Moving") -> Slow-Moving
A11: 1030 | B11: File Folder | C11: Stationery | D11: 72 | E11: 227 | F11: 34 | G11: 265 | H11: 4034 | I11: 137156 | J11: =(D11+G11)/2 -> 168.5 | K11: =F11*H11 -> 137156 | L11: =K11/(J11*H11) -> 0.20178042 | M11: =IF(L11<=AVERAGE($L$2:$L$33),"Slow-Moving","Normal/Fast-Moving") -> Slow-Moving
A12: 1027 | B12: Marker Set | C12: Stationery | D12: 244 | E12: 215 | F12: 172 | G12: 287 | H12: 1333 | I12: 229276 | J12: =(D12+G12)/2 -> 265.5 | K12: =F12*H12 -> 229276 | L12: =K12/(J12*H12) -> 0.64783427 | M12: =IF(L12<=AVERAGE($L$2:$L$33),"Slow-Moving","Normal/Fast-Moving") -> Slow-Moving
A13: 1021 | B13: Sweatshirt | C13: Clothing | D13: 152 | E13: 196 | F13: 88 | G13: 260 | H13: 2076 | I13: 182688 | J13: =(D13+G13)/2 -> 206 | K13: =F13*H13 -> 182688 | L13: =K13/(J13*H13) -> 0.42718447 | M13: =IF(L13<=AVERAGE($L$2:$L$33),"Slow-Moving","Normal/Fast-Moving") -> Slow-Moving
... A33: 1023 | B33: Track Pants | C33: Clothing | D33: 73 | E33: 138 | F33: 205 | G33: 6 | H33: 2777 | I33: 569285 | J33: =(D33+G33)/2 -> 39.5 | K33: =F33*H33 -> 569285 | L33: =K33/(J33*H33) -> 5.1898734 | M33: =IF(L33<=AVERAGE($L$2:$L$33),"Slow-Moving","Normal/Fast-Moving") -> Normal/Fast-Moving

Sheet Slow Movers
A1: Product_ID | B1: Product_Name | C1: Category | D1: Average_Inventory | E1: Units_Sold | F1: Inventory_Turnover
A2: 1005 | B2: {=INDEX(Data!$B$2:$B$33,MATCH($A2,Data!$A$2:$A$33,0))} -> Webcam | C2: {=INDEX(Data!$C$2:$C$33,MATCH($A2,Data!$A$2:$A$33,0))} -> Electronics | D2: {=INDEX(Data!$J$2:$J$33,MATCH($A2,Data!$A$2:$A$33,0))} -> 461.5 | E2: {=INDEX(Data!$F$2:$F$33,MATCH($A2,Data!$A$2:$A$33,0))} -> 11 | F2: {=INDEX(Data!$L$2:$L$33,MATCH($A2,Data!$A$2:$A$33,0))} -> 0.02383532
A3: 1020 | B3: {=INDEX(Data!$B$2:$B$33,MATCH($A3,Data!$A$2:$A$33,0))} -> Jacket | C3: {=INDEX(Data!$C$2:$C$33,MATCH($A3,Data!$A$2:$A$33,0))} -> Clothing | D3: {=INDEX(Data!$J$2:$J$33,MATCH($A3,Data!$A$2:$A$33,0))} -> 374.5 | E3: {=INDEX(Data!$F$2:$F$33,MATCH($A3,Data!$A$2:$A$33,0))} -> 27 | F3: {=INDEX(Data!$L$2:$L$33,MATCH($A3,Data!$A$2:$A$33,0))} -> 0.072096128
A4: 1010 | B4: {=INDEX(Data!$B$2:$B$33,MATCH($A4,Data!$A$2:$A$33,0))} -> Study Table | C4: {=INDEX(Data!$C$2:$C$33,MATCH($A4,Data!$A$2:$A$33,0))} -> Furniture | D4: {=INDEX(Data!$J$2:$J$33,MATCH($A4,Data!$A$2:$A$33,0))} -> 191 | E4: {=INDEX(Data!$F$2:$F$33,MATCH($A4,Data!$A$2:$A$33,0))} -> 16 | F4: {=INDEX(Data!$L$2:$L$33,MATCH($A4,Data!$A$2:$A$33,0))} -> 0.083769634
A5: 1025 | B5: {=INDEX(Data!$B$2:$B$33,MATCH($A5,Data!$A$2:$A$33,0))} -> Notebook | C5: {=INDEX(Data!$C$2:$C$33,MATCH($A5,Data!$A$2:$A$33,0))} -> Stationery | D5: {=INDEX(Data!$J$2:$J$33,MATCH($A5,Data!$A$2:$A$33,0))} -> 186.5 | E5: {=INDEX(Data!$F$2:$F$33,MATCH($A5,Data!$A$2:$A$33,0))} -> 18 | F5: {=INDEX(Data!$L$2:$L$33,MATCH($A5,Data!$A$2:$A$33,0))} -> 0.096514745
A6: 1030 | B6: {=INDEX(Data!$B$2:$B$33,MATCH($A6,Data!$A$2:$A$33,0))} -> File Folder | C6: {=INDEX(Data!$C$2:$C$33,MATCH($A6,Data!$A$2:$A$33,0))} -> Stationery | D6: {=INDEX(Data!$J$2:$J$33,MATCH($A6,Data!$A$2:$A$33,0))} -> 168.5 | E6: {=INDEX(Data!$F$2:$F$33,MATCH($A6,Data!$A$2:$A$33,0))} -> 34 | F6: {=INDEX(Data!$L$2:$L$33,MATCH($A6,Data!$A$2:$A$33,0))} -> 0.20178042
A7: 1031 | B7: {=INDEX(Data!$B$2:$B$33,MATCH($A7,Data!$A$2:$A$33,0))} -> Sticky Notes | C7: {=INDEX(Data!$C$2:$C$33,MATCH($A7,Data!$A$2:$A$33,0))} -> Stationery | D7: {=INDEX(Data!$J$2:$J$33,MATCH($A7,Data!$A$2:$A$33,0))} -> 292 | E7: {=INDEX(Data!$F$2:$F$33,MATCH($A7,Data!$A$2:$A$33,0))} -> 65 | F7: {=INDEX(Data!$L$2:$L$33,MATCH($A7,Data!$A$2:$A$33,0))} -> 0.22260274
A8: 1028 | B8: {=INDEX(Data!$B$2:$B$33,MATCH($A8,Data!$A$2:$A$33,0))} -> Stapler | C8: {=INDEX(Data!$C$2:$C$33,MATCH($A8,Data!$A$2:$A$33,0))} -> Stationery | D8: {=INDEX(Data!$J$2:$J$33,MATCH($A8,Data!$A$2:$A$33,0))} -> 388 | E8: {=INDEX(Data!$F$2:$F$33,MATCH($A8,Data!$A$2:$A$33,0))} -> 106 | F8: {=INDEX(Data!$L$2:$L$33,MATCH($A8,Data!$A$2:$A$33,0))} -> 0.27319588
A9: 1015 | B9: {=INDEX(Data!$B$2:$B$33,MATCH($A9,Data!$A$2:$A$33,0))} -> Office Sofa | C9: {=INDEX(Data!$C$2:$C$33,MATCH($A9,Data!$A$2:$A$33,0))} -> Furniture | D9: {=INDEX(Data!$J$2:$J$33,MATCH($A9,Data!$A$2:$A$33,0))} -> 191 | E9: {=INDEX(Data!$F$2:$F$33,MATCH($A9,Data!$A$2:$A$33,0))} -> 64 | F9: {=INDEX(Data!$L$2:$L$33,MATCH($A9,Data!$A$2:$A$33,0))} -> 0.33507853
A10: 1012 | B10: {=INDEX(Data!$B$2:$B$33,MATCH($A10,Data!$A$2:$A$33,0))} -> Filing Cabinet | C10: {=INDEX(Data!$C$2:$C$33,MATCH($A10,Data!$A$2:$A$33,0))} -> Furniture | D10: {=INDEX(Data!$J$2:$J$33,MATCH($A10,Data!$A$2:$A$33,0))} -> 365.5 | E10: {=INDEX(Data!$F$2:$F$33,MATCH($A10,Data!$A$2:$A$33,0))} -> 123 | F10: {=INDEX(Data!$L$2:$L$33,MATCH($A10,Data!$A$2:$A$33,0))} -> 0.33652531
A11: 1021 | B11: {=INDEX(Data!$B$2:$B$33,MATCH($A11,Data!$A$2:$A$33,0))} -> Sweatshirt | C11: {=INDEX(Data!$C$2:$C$33,MATCH($A11,Data!$A$2:$A$33,0))} -> Clothing | D11: {=INDEX(Data!$J$2:$J$33,MATCH($A11,Data!$A$2:$A$33,0))} -> 206 | E11: {=INDEX(Data!$F$2:$F$33,MATCH($A11,Data!$A$2:$A$33,0))} -> 88 | F11: {=INDEX(Data!$L$2:$L$33,MATCH($A11,Data!$A$2:$A$33,0))} -> 0.42718447
A12: 1014 | B12: {=INDEX(Data!$B$2:$B$33,MATCH($A12,Data!$A$2:$A$33,0))} -> Conference Table | C12: {=INDEX(Data!$C$2:$C$33,MATCH($A12,Data!$A$2:$A$33,0))} -> Furniture | D12: {=INDEX(Data!$J$2:$J$33,MATCH($A12,Data!$A$2:$A$33,0))} -> 135 | E12: {=INDEX(Data!$F$2:$F$33,MATCH($A12,Data!$A$2:$A$33,0))} -> 71 | F12: {=INDEX(Data!$L$2:$L$33,MATCH($A12,Data!$A$2:$A$33,0))} -> 0.52592593
A13: 1032 | B13: {=INDEX(Data!$B$2:$B$33,MATCH($A13,Data!$A$2:$A$33,0))} -> Calculator | C13: {=INDEX(Data!$C$2:$C$33,MATCH($A13,Data!$A$2:$A$33,0))} -> Stationery | D13: {=INDEX(Data!$J$2:$J$33,MATCH($A13,Data!$A$2:$A$33,0))} -> 219.5 | E13: {=INDEX(Data!$F$2:$F$33,MATCH($A13,Data!$A$2:$A$33,0))} -> 117 | F13: {=INDEX(Data!$L$2:$L$33,MATCH($A13,Data!$A$2:$A$33,0))} -> 0.53302961
... A19: 1029 | B19: {=INDEX(Data!$B$2:$B$33,MATCH($A19,Data!$A$2:$A$33,0))} -> Printer Paper | C19: {=INDEX(Data!$C$2:$C$33,MATCH($A19,Data!$A$2:$A$33,0))} -> Stationery | D19: {=INDEX(Data!$J$2:$J$33,MATCH($A19,Data!$A$2:$A$33,0))} -> 100 | E19: {=INDEX(Data!$F$2:$F$33,MATCH($A19,Data!$A$2:$A$33,0))} -> 100 | F19: {=INDEX(Data!$L$2:$L$33,MATCH($A19,Data!$A$2:$A$33,0))} -> 1

Sheet Category Comparison
A1: Category | B1: Products | C1: Total_COGS | D1: Total_Average_Inventory | E1: Avg_Turnover | F1: Slow_Moving_Products
A2: Clothing | B2: =COUNTIF(Data!$C$2:$C$33,A2) -> 8 | C2: =SUMIF(Data!$C$2:$C$33,A2,Data!$I$2:$I$33) -> 3551505 | D2: =SUMIF(Data!$C$2:$C$33,A2,Data!$J$2:$J$33) -> 1304.5 | E2: =AVERAGEIF(Data!$C$2:$C$33,A2,Data!$L$2:$L$33) -> 1.7953911 | F2: =COUNTIFS(Data!$C$2:$C$33,A2,Data!$M$2:$M$33,"Slow-Moving") -> 3
A3: Electronics | B3: =COUNTIF(Data!$C$2:$C$33,A3) -> 8 | C3: =SUMIF(Data!$C$2:$C$33,A3,Data!$I$2:$I$33) -> 2009964 | D3: =SUMIF(Data!$C$2:$C$33,A3,Data!$J$2:$J$33) -> 1393.5 | E3: =AVERAGEIF(Data!$C$2:$C$33,A3,Data!$L$2:$L$33) -> 1.6041634 | F3: =COUNTIFS(Data!$C$2:$C$33,A3,Data!$M$2:$M$33,"Slow-Moving") -> 2
A4: Furniture | B4: =COUNTIF(Data!$C$2:$C$33,A4) -> 8 | C4: =SUMIF(Data!$C$2:$C$33,A4,Data!$I$2:$I$33) -> 2174055 | D4: =SUMIF(Data!$C$2:$C$33,A4,Data!$J$2:$J$33) -> 1555 | E4: =AVERAGEIF(Data!$C$2:$C$33,A4,Data!$L$2:$L$33) -> 0.72159802 | F4: =COUNTIFS(Data!$C$2:$C$33,A4,Data!$M$2:$M$33,"Slow-Moving") -> 6
A5: Stationery | B5: =COUNTIF(Data!$C$2:$C$33,A5) -> 8 | C5: =SUMIF(Data!$C$2:$C$33,A5,Data!$I$2:$I$33) -> 2602260 | D5: =SUMIF(Data!$C$2:$C$33,A5,Data!$J$2:$J$33) -> 1819 | E5: =AVERAGEIF(Data!$C$2:$C$33,A5,Data!$L$2:$L$33) -> 0.54712096 | F5: =COUNTIFS(Data!$C$2:$C$33,A5,Data!$M$2:$M$33,"Slow-Moving") -> 7
